epoch,mem_avail_kb,swap_used_kb,load1,arc_bytes,cgroup_bytes,root_free_bytes,tank_alloc_bytes
1791444488,6712704,0,3.99,68463120,,13350531072,171597824
1791444493,6603860,0,3.75,152964504,88633344,13350514688,486981632
1791444498,6646300,0,3.53,152030120,45903872,13350514688,578383872
1791444503,6340704,0,3.33,505289992,66789376,13350514688,535392256
1791444509,6541764,0,3.22,281437864,42897408,13350514688,817217536
1791444514,6356744,0,3.12,462221592,67518464,13350514688,647344128
1791444519,6497164,0,3.03,324078544,67665920,13350514688,825982976
1791444524,6195460,0,2.87,668359912,67051520,13350510592,695951360
1791444529,6562668,0,2.80,280585072,93224960,13350510592,878436352
1791444534,6476816,0,2.66,326297792,65974272,13350510592,382730240
1791444539,6386504,0,2.52,468174424,16969728,13350510592,535203840
1791444544,6407728,0,2.40,396503392,67031040,13350510592,784658432
1791444549,6167832,0,2.61,607642728,67149824,13350510592,695558144
1791444554,6546308,0,2.56,260863264,93835264,13350510592,840093696
1791444559,6407640,0,2.44,450507616,16470016,13350510592,535560192
1791444564,6418600,0,2.32,427059744,67166208,13350510592,782405632
1791444569,6181976,0,2.21,676901088,67301376,13350510592,695865344
1791444574,6571572,0,2.12,234093712,65069056,13350510592,956026880
1791444579,6370176,0,2.03,491437632,66281472,13350510592,535568384
1791444584,6061816,0,1.94,728875872,66101248,13350506496,835903488
1791444589,5873088,0,1.87,995285216,66228224,13350506496,969216000
1791444594,6689996,0,1.80,181271416,50626560,13350506496,1278574592
1791444599,6610848,0,1.73,162395504,87203840,13350506496,400949248
1791444604,6299664,0,1.68,517847280,93495296,13350506496,534654976
1791444609,6506152,0,1.62,253455712,54018048,13350506496,825970688
1791444614,6414548,0,1.57,424409824,54018048,13350506496,915140608
1791444619,5861768,0,1.69,1023429848,53489664,13350506496,1119109120
1791444625,6573284,0,1.71,288680264,53710848,13350514688,1236086784
1791444630,6398880,0,1.73,463585072,53706752,13350514688,1326817280
1791444635,6123568,0,1.76,760619408,68243456,13350514688,856719360
1791444640,5818508,0,1.78,1051467216,53252096,13350514688,1527820288
1791444645,6483828,0,1.71,295592464,55058432,13350510592,1682022400
1791444650,6280112,0,1.82,554934928,60059648,13350510592,535662592
1791444655,6548780,0,1.75,264931232,68091904,13350510592,833294336
1791444660,6349468,0,1.69,522328096,56455168,13350510592,534446080
1791444665,6130180,0,1.64,751347736,61526016,13350510592,799813632
1791444670,5851400,0,1.58,960604976,66543616,13350510592,1053970432
1791444675,6740696,0,1.46,150270472,14520320,13350510592,1296429056
1791444680,6336340,0,1.50,531006432,67305472,13350510592,534880256
1791444685,6134264,0,1.46,735212376,58916864,13350510592,828497920
1791444690,5849092,0,1.50,960960520,64491520,13350510592,1041477632
1791444695,5780988,0,1.54,1074472424,69668864,13350510592,1288880128
1791444700,5757944,0,1.58,1088947144,75735040,13350486016,1695399936
1791444705,5831984,0,1.69,916878352,14524416,13350486016,2731483136
1791444710,5648740,0,1.64,1036366424,101011456,13350486016,1754632192
1791444715,5741800,0,1.59,972255704,107016192,13350481920,1902690304
1791444720,6095184,0,1.54,733154208,105357312,13350481920,1938898944
1791444725,6026588,0,1.50,757159416,80662528,13350481920,1659781120
1791444730,5648108,0,1.62,1077094024,165867520,13350481920,1733144576
1791444736,5902000,0,1.57,855790064,130592768,13350481920,1864552448
1791444741,5640052,0,1.52,979520536,187682816,13350481920,2004037632
1791444746,6036844,0,1.56,650885952,92954624,13350481920,2110148608
1791444751,6051508,0,1.60,657284224,130125824,13350481920,1829842944
1791444756,6256580,0,1.55,515732968,71622656,13350481920,1892880384
1791444761,5829560,0,1.58,874063016,187297792,13350481920,1729372160
1791444766,6341140,0,1.54,481340312,102608896,13350481920,1985769472
1791444771,5899280,0,1.49,784608312,208478208,13350473728,2058371072
1791444776,6131232,0,1.45,567289176,109092864,13350473728,1966370816
1791444781,5824404,0,1.42,865287208,187699200,13350473728,1697267712
1791444786,5635952,0,1.38,1076507848,187822080,13350473728,1970933760
1791444791,6260620,0,1.35,545890600,100315136,13350469632,2177531904
1791444796,5916020,0,1.32,793773752,187617280,13350469632,1709469696
1791444801,5647576,0,1.38,1085115456,189140992,13350469632,1991782400
1791444806,5674892,0,1.35,983667320,188162048,13350469632,2309275648
1791444811,6557748,0,1.32,254218976,17166336,13350469632,2454323200
1791444816,6553376,0,1.29,220939328,80302080,13350469632,1350537216
1791444821,6275772,0,1.27,510536872,94191616,13350465536,1553305600
1791444826,6589920,0,1.25,219738832,92418048,13350465536,2083782656
1791444831,6231500,0,1.31,550397728,70918144,13350465536,2217000960
1791444836,5991968,0,1.28,772250928,71442432,13350465536,1922359296
1791444841,5650112,0,1.26,1092747848,171728896,13350465536,2437046272
1791444847,6491680,0,1.32,313981976,71172096,13350465536,2876489728
1791444852,6158044,0,1.29,600962240,71168000,13350461440,1696604160
1791444857,5926128,0,1.35,897887112,71430144,13350461440,1896472576
1791444862,5754684,0,1.40,1086024128,71430144,13350461440,2212937728
1791444867,5661980,0,1.45,1080326040,171966464,13350461440,2950737920
1791444872,5760720,0,1.50,935204344,164450304,13350461440,3429961728
1791444877,6297908,0,1.46,442766088,111112192,13350461440,3556130816
1791444882,5983496,0,1.50,750305136,171450368,13350461440,1802469376
1791444887,6274924,0,1.46,409308416,104120320,13350461440,2145038336
1791444892,5984480,0,1.42,726847888,172421120,13350461440,1789452288
1791444897,5758248,0,1.39,891125240,171610112,13350461440,2124427264
1791444902,5628412,0,1.36,1071498712,172240896,13350461440,2338541568
1791444907,6406480,0,1.33,364875832,79257600,13350461440,2541191168
1791444912,5976144,0,1.30,693659368,170881024,13350461440,1961648128
1791444917,5741320,0,1.28,966794896,172888064,13350457344,2084962304
1791444922,5669396,0,1.25,976409104,171941888,13350457344,2416959488
1791444927,5613052,0,1.31,1073739896,172150784,13350457344,2647904256
1791444932,5645428,0,1.29,1079046832,172052480,13350457344,2851319808
1791444937,6420592,0,1.27,352350968,69853184,13350453248,3067510784
1791444942,6295008,0,1.89,498132232,69767168,13350453248,3051507712
1791444947,6126040,0,1.81,638365904,69763072,13350453248,1590444032
1791444952,5925684,0,1.75,888553168,69439488,13350453248,1852428288
1791444957,5730424,0,1.69,1026278256,62058496,13350453248,2298908672
1791444963,5639444,0,1.63,1030647840,160182272,13350453248,2432753664
1791444968,5718092,0,1.58,981716320,76238848,13350453248,2389233664
1791444973,5677984,0,1.54,1001002552,82038784,13350449152,2229350400
1791444978,5684096,0,1.49,1076914328,127119360,13350449152,2330836992
1791444983,5770160,0,1.53,1088218640,59891712,13350449152,2712969216
1791444988,5579168,0,1.57,1038080456,302985216,13350449152,2534010880
1791444993,5743884,0,1.61,1080261344,58818560,13350449152,2597384192
1791444998,5759976,0,1.64,1084710656,60170240,13350445056,2663636992
1791445003,6511696,0,1.67,266484936,132349952,13349916672,2485297152
1791445008,6184736,0,1.61,291837208,213868544,13347463168,2686328832
1791445013,6069864,0,1.81,436406376,298450944,13345554432,1910173696
1791445018,6051780,0,2.78,395442744,300163072,13343936512,1932947456
1791445023,6091780,0,2.64,428870920,340414464,13342969856,1699180544
1791445028,6034056,0,2.99,470608128,336158720,13339492352,1659760640
1791445033,6000308,0,2.83,499657472,367996928,13338415104,1893748736
1791445038,6573192,0,2.68,248741624,80035840,13336268800,1887629312
1791445043,6379192,0,2.47,472347312,94851072,13336268800,1641140224
1791445048,6196384,0,2.35,577988168,104538112,13336264704,1400340480
1791445053,6220228,0,2.16,405099896,107597824,13336264704,1421238272
1791445058,6499704,0,2.46,262144296,101236736,13336264704,1431044096
1791445063,6520476,0,2.27,272530056,93143040,13336264704,1351143424
1791445069,6605372,0,2.32,156553928,91086848,13336260608,1251745792
1791445074,6444936,0,2.54,361259744,99467264,13336256512,1328566272
1791445079,6269892,0,2.50,533271728,106397696,13336252416,453836800
1791445084,6394032,0,2.38,370596360,108814336,13336252416,468922368
1791445089,6218040,0,2.27,633132096,98164736,13336248320,603697152
1791445094,5685064,0,2.08,1073061912,97677312,13336248320,1256067072
1791445099,5781188,0,2.08,1084555784,98816000,13336248320,1283272704
1791445104,6417896,0,2.15,463940160,116273152,13336244224,1371762688
1791445109,6371184,0,2.06,396799640,112898048,13336240128,1371475968
1791445114,6500208,0,1.89,223700616,102502400,13336240128,491012096
1791445119,6618668,0,1.74,221532488,98041856,13336240128,449134592
1791445124,6609060,0,1.60,177361800,96632832,13336240128,338370560
1791445129,6597460,0,1.55,312400984,103649280,13336240128,308867072
1791445134,6345696,0,1.51,578315072,116051968,13336231936,390225920
1791445139,6154764,0,1.39,463225776,109604864,13336227840,572198912
1791445144,6445716,0,1.28,284040552,107790336,13336227840,568365056
1791445149,6566888,0,1.17,203648896,97804288,13336227840,503926784
1791445154,6579680,0,1.08,158090968,95924224,13336227840,349409280
1791445159,6502140,0,1.07,433194960,103407616,13336227840,352145408
1791445164,6228668,0,0.99,591982600,110350336,13336227840,437428224
1791445169,6255008,0,0.91,466880832,102522880,13336227840,477155328
1791445174,6490372,0,0.83,282653064,100646912,13336227840,494456832
1791445179,6602880,0,0.77,187153152,97038336,13336227840,460828672
1791445185,6530732,0,0.79,228169200,96747520,13336227840,401956864
1791445190,6242692,0,0.80,590275160,114614272,13336227840,500277248
1791445195,6017184,0,0.74,688870064,109363200,13336227840,528687104
1791445200,6092428,0,0.92,571509304,100225024,13336219648,592322560
1791445205,6386996,0,0.85,379614632,98258944,13336219648,543883264
1791445210,6416228,0,0.78,351092176,97132544,13336215552,481153024
1791445215,6370488,0,0.88,510329880,103772160,13336215552,495276032
1791445220,6318944,0,0.97,562705360,114384896,13336215552,564215808
1791445225,6142236,0,0.97,507321592,108220416,13336215552,613187584
1791445230,6329784,0,0.97,372439568,103243776,13336215552,479035392
1791445235,6553564,0,0.89,228401728,98291712,13336215552,490487808
1791445240,6580000,0,0.82,180478376,99639296,13336215552,381935616
1791445245,6437568,0,0.84,406565488,106921984,13336215552,419344384
1791445250,6274436,0,0.77,464600040,112386048,13336215552,477839360
1791445255,6354028,0,0.71,309354504,102957056,13336211456,495661056
1791445260,6482200,0,0.65,221971072,98631680,13336211456,490262528
1791445265,6585712,0,0.60,180351808,97566720,13336211456,384913408
1791445270,6631016,0,0.55,252364080,101355520,13336211456,311439360
1791445275,6366528,0,0.59,554548720,108593152,13336211456,394792960
1791445280,6169848,0,0.62,543620392,113631232,13336211456,461004800
1791445285,6256456,0,0.65,366011088,103522304,13336211456,479383552
1791445290,6523556,0,0.60,228280856,98693120,13336211456,481918976
1791445295,6564820,0,0.55,169772768,97075200,13336203264,394326016
1791445300,6538980,0,0.59,313260608,103284736,13336203264,309129216
1791445306,6378108,0,0.62,460048656,113721344,13336203264,461516800
1791445311,6208384,0,0.57,448179560,113860608,13336203264,461516800
1791445316,6259552,0,0.52,341352800,105820160,13336203264,480985088
1791445321,6576908,0,0.48,225633136,98017280,13336203264,492216320
1791445326,6563540,0,0.44,165779480,96464896,13336203264,408702976
1791445331,6462276,0,0.57,394547288,110325760,13336199168,392372224
1791445336,6260204,0,0.84,522222312,111874048,13336199168,459595776
1791445341,6389528,0,0.86,344524744,104632320,13336199168,480624640
1791445346,6589144,0,0.79,230930144,102567936,13336199168,489242624
1791445351,6605304,0,0.72,187131872,98009088,13336199168,394563584
1791445356,6651708,0,0.66,184457672,100720640,13336199168,309551104
1791445361,6432476,0,0.69,474102328,118673408,13336199168,394551296
1791445366,6252108,0,0.72,496525688,104931328,13336195072,458022912
1791445371,6342072,0,0.82,309335016,107393024,13336195072,477847552
1791445376,6483384,0,0.99,249434576,99807232,13336195072,499986432
1791445381,6494540,0,0.91,208827896,97574912,13336195072,394698752
1791445386,6569432,0,0.84,256452504,106184704,13336190976,324931584
1791445391,6312952,0,0.85,566592736,111919104,13336190976,402309120
1791445396,6122596,0,0.79,554270496,114999296,13336182784,459128832
1791445401,6243560,0,0.72,376530392,109494272,13336182784,498012160
1791445406,6504276,0,0.66,233686064,98955264,13336182784,519020544
1791445411,6584784,0,0.61,166665624,97374208,13336182784,398708736
1791445417,6439932,0,0.64,387322664,113897472,13336182784,418770944
1791445422,6316260,0,0.75,450719992,113188864,13336182784,478294016
1791445427,6410080,0,0.77,312980752,103686144,13336182784,495644672
1791445432,6547556,0,0.71,226950984,99483648,13336182784,484462592
1791445437,6588696,0,0.65,182185008,97792000,13336182784,385961984
1791445442,6672036,0,0.60,191871104,103673856,13336182784,309772288
1791445447,6402104,0,0.71,489169912,114233344,13336182784,389914624
1791445452,6205944,0,0.82,521364496,109551616,13336182784,458547200
1791445457,6421004,0,0.75,324169040,101670912,13336178688,479145984
1791445462,6544904,0,0.69,239318384,99942400,13336178688,514691072
1791445467,6582440,0,0.63,177815216,96288768,13336178688,389603328
1791445472,6474032,0,0.74,447265200,104980480,13336178688,369115136
1791445477,6218368,0,0.84,596580504,111329280,13336178688,441430016
1791445482,6193112,0,0.78,478419120,103403520,13336178688,478949376
1791445487,6455636,0,0.71,298037360,99672064,13336178688,497664000
1791445492,6610808,0,0.66,187301616,98414592,13336178688,467320832
1791445497,6576176,0,0.60,316334824,103669760,13336178688,343711744
1791445502,6390028,0,1.04,458156856,115142656,13336178688,464379904
1791445507,6343084,0,0.95,363074072,111587328,13336174592,464379904
1791445512,6283356,0,0.96,284296160,106311680,13336174592,478982144
1791445517,6589264,0,0.88,200967136,98988032,13336174592,423501824
1791445522,6599308,0,0.81,146269880,96923648,13336174592,423501824
1791445527,6467616,0,0.83,387464400,107929600,13336174592,398077952
1791445533,6236208,0,0.84,523247968,111595520,13336174592,461271040
1791445538,6343968,0,0.85,365029768,103936000,13336174592,482299904
1791445543,6571216,0,1.02,219646272,102084608,13336174592,493223936
1791445548,6627904,0,0.94,187724904,98369536,13336174592,411148288
1791445553,6681388,0,0.87,188638200,98451456,13336174592,312299520
1791445558,6457424,0,0.88,472298640,118554624,13336174592,388956160
1791445563,6237040,0,0.97,534219968,109633536,13336174592,464637952
1791445568,6282632,0,1.05,389636744,101408768,13336174592,479940608
1791445573,6501256,0,1.05,236533488,100040704,13336170496,517652480
1791445578,6534628,0,0.96,177204432,97259520,13336170496,416079872
1791445583,6470904,0,0.89,433588600,108249088,13336170496,347496448
1791445588,6314480,0,1.37,451729048,109780992,13336170496,478367744
1791445593,6305472,0,1.34,287917296,105910272,13336170496,499105792
1791445598,6478144,0,1.40,210740120,100110336,13336170496,505495552
1791445603,6638304,0,1.29,126746152,98074624,13336170496,376393728
1791445608,6566992,0,1.18,282292896,102371328,13336170496,373706752
1791445613,6364984,0,1.17,496491720,117456896,13336166400,444510208
1791445618,6313048,0,1.07,403043608,103608320,13336166400,480079872
1791445623,6506316,0,1.07,258038144,101199872,13336166400,499437568
1791445628,6579832,0,0.98,190753208,98959360,13336166400,442081280
1791445633,6651144,0,0.90,192718328,104222720,13336166400,328482816
1791445638,6381000,0,0.91,509128808,112799744,13336166400,396103680
1791445643,6213888,0,0.92,542010992,114221056,13336162304,460787712
1791445648,6287860,0,0.84,357599384,104169472,13336162304,481550336
1791445654,6580824,0,0.87,229093296,99979264,13336162304,492965888
1791445659,6560456,0,0.88,166043352,96747520,13336162304,396152832
1791445664,6468664,0,0.89,327783840,109948928,13336162304,401375232
1791445669,6290532,0,0.82,499476096,113455104,13336162304,467959808
1791445674,6390028,0,0.91,333936504,104321024,13336162304,479535104
1791445679,6518444,0,0.92,207808920,102682624,13336162304,485474304
1791445684,6549600,0,1.01,188479592,99123200,13336162304,393400320
1791445689,6632132,0,1.01,180283656,100651008,13336162304,310640640
1791445694,6399304,0,1.01,464133824,117809152,13336162304,397963264
1791445699,6224636,0,1.00,506885912,110571520,13336158208,459591680
1791445704,6434392,0,1.00,319616736,101965824,13336158208,480157696
1791445709,6548136,0,0.92,241088168,100331520,13336150016,479662080
1791445714,6583036,0,0.85,186903616,98910208,13336150016,383438848
1791445719,6526988,0,0.86,384943192,110252032,13336150016,339267584
1791445724,6310084,0,0.79,466166768,112840704,13336150016,417218560
1791445729,6072208,0,0.81,569803848,109510656,13336150016,479744000
1791445734,6337576,0,0.74,389477296,101228544,13336150016,499466240
1791445739,6569256,0,0.68,188494464,99295232,13336150016,509456384
1791445744,6557544,0,0.71,311608864,111849472,13336150016,384946176
1791445749,6361416,0,0.65,485376056,114810880,13336150016,448188416
1791445754,6429040,0,0.84,361142632,111316992,13336145920,479567872
1791445759,6567792,0,1.01,213461744,109436928,13336145920,497926144
1791445764,6609540,0,0.93,207646808,100818944,13336145920,445841408
1791445770,6636220,0,0.86,127503592,98291712,13336145920,332439552
1791445775,6480864,0,0.87,367208160,115159040,13336141824,393633792
1791445780,6246116,0,0.80,541708232,113033216,13336141824,465829888
1791445785,6319312,0,0.74,402213784,105156608,13336141824,480182272
1791445790,6554196,0,0.84,218106640,103084032,13336141824,491421696
1791445795,6622580,0,0.85,188169896,99700736,13336141824,423108608
1791445800,6655948,0,0.86,191969592,100900864,13336141824,313626624
1791445805,6417136,0,0.87,487884440,117923840,13336141824,382992384
1791445810,6182444,0,0.88,567916568,115953664,13336141824,463572992
1791445815,6215984,0,0.81,447760384,102260736,13336137728,481243136
1791445820,6476188,0,0.75,232335240,100384768,13336137728,519135232
1791445825,6585580,0,0.69,160871864,98521088,13336137728,427675648
1791445830,6390204,0,0.71,372113976,106311680,13336137728,348782592
1791445835,6292468,0,0.66,460064312,112848896,13336137728,480030720
1791445840,6405364,0,0.68,289036752,105492480,13336137728,498339840
1791445845,6553032,0,0.63,202883296,103419904,13336137728,493563904
1791445850,6594872,0,0.58,182986768,99618816,13336137728,385310720
1791445855,6668912,0,0.53,110785328,98287616,13336137728,312164352
1791445860,6456148,0,0.49,393201960,111853568,13336137728,393277440
1791445865,6330392,0,0.61,448707864,115445760,13336137728,459632640
1791445870,6357936,0,1.04,326983272,110702592,13336137728,479916032
1791445875,6452856,0,0.96,264529720,101953536,13336137728,500531200
1791445881,6521508,0,0.88,204223176,100335616,13336129536,406421504
1791445886,6612128,0,0.81,232583256,105222144,13336129536,332378112
1791445891,6393168,0,0.83,529128304,120676352,13336129536,403521536
1791445896,6162740,0,0.76,554081896,116219904,13336129536,462020608
1791445901,6272120,0,0.70,356128872,106053632,13336129536,483475456
1791445906,6559416,0,0.64,237118592,100556800,13336129536,492249088
1791445911,6616164,0,0.67,176069792,99028992,13336129536,396828672
1791445916,6581924,0,0.78,325617856,111603712,13336129536,314314752
1791445921,6321664,0,0.80,476710488,112861184,13336129536,462409728
1791445926,6106644,0,0.73,531461144,115957760,13336129536,462409728
1791445931,6313988,0,0.67,362212056,108789760,13336129536,481726464
1791445936,6578748,0,0.62,223493248,100818944,13336129536,484270080
1791445941,6549820,0,0.57,167680640,99110912,13336121344,394502144
1791445946,6482988,0,0.60,330657296,110067712,13336121344,395034624
1791445951,6253160,0,0.72,510458688,113356800,13336121344,463294464
1791445956,6304220,0,0.66,342814896,111251456,13336121344,502071296
1791445961,6518396,0,0.77,234315616,101552128,13336121344,520642560
1791445966,6628756,0,0.70,153980920,99659776,13336121344,406036480
1791445971,6601772,0,0.65,296768336,104366080,13336121344,342134784
1791445976,6337404,0,0.84,586533880,117489664,13336121344,409559040
1791445981,6183632,0,0.77,511930376,117108736,13336121344,480165888
1791445986,6331704,0,0.95,335177320,107982848,13336121344,498520064
1791445991,6494260,0,0.87,213546024,101588992,13336121344,494239744
1791445996,6535796,0,0.80,159511184,98656256,13336121344,388964352
1791446002,6331756,0,0.82,353971112,107737088,13336113152,335568896
1791446007,6189752,0,0.83,503195064,109535232,13336109056,418373632
1791446012,6134624,0,0.85,466392360,112017408,13336109056,464695296
1791446017,6378112,0,0.86,336547536,102117376,13336109056,483405824
1791446022,6517684,0,0.79,201868176,100208640,13336109056,472088576
1791446027,6537504,0,0.73,338368944,110673920,13336104960,355680256
1791446032,6337348,0,0.91,460910728,115920896,13336104960,458985472
1791446037,6314612,0,1.00,325253744,110202880,13336104960,480526336
1791446042,6523144,0,1.00,239040272,104177664,13336104960,502087680
1791446047,6561872,0,0.92,209499432,101662720,13336104960,422559744
1791446052,6698252,0,0.84,110666320,99291136,13336104960,334893056
1791446057,6463624,0,0.86,392718856,112984064,13336104960,405233664
1791446062,6264020,0,0.87,473539832,118300672,13336104960,461668352
1791446067,6350004,0,0.88,356199160,104579072,13336104960,482541568
1791446072,6462568,0,0.81,239493944,102313984,13336104960,514527232
1791446077,6552728,0,0.74,166710192,100126720,13336104960,408211456
1791446082,6553728,0,0.68,358563048,109154304,13336104960,352428032
1791446087,6321972,0,0.95,558803064,117719040,13336104960,423976960
1791446092,6236888,0,0.87,456243800,113401856,13336104960,462266368
1791446097,6423308,0,0.88,289260600,110690304,13336100864,484765696
1791446102,6547508,0,0.81,207839384,101986304,13336100864,465915904
1791446108,6565588,0,0.75,170445640,100220928,13336100864,352387072
1791446113,6425960,0,0.77,497533248,115040256,13336100864,354799616
1791446118,6202252,0,0.79,603059744,115458048,13336100864,438272000
1791446123,6131104,0,0.80,482134600,105963520,13336100864,481722368
1791446128,6433632,0,0.74,287944896,101613568,13336100864,500637696
1791446133,6585628,0,0.68,191403752,100716544,13336100864,468168704
1791446138,6590020,0,0.62,277984184,103403520,13336100864,341528576
1791446143,6393092,0,0.66,470650064,123006976,13336100864,434593792
1791446148,6342928,0,0.84,411373304,116822016,13336100864,481341440
1791446153,6469720,0,0.94,236118136,107139072,13336100864,498999296
1791446158,6627428,0,0.94,198094416,102309888,13336100864,467865600
1791446163,6648864,0,0.95,147574024,99610624,13336100864,346296320
1791446168,6602300,0,0.87,293983568,115687424,13336100864,348155904
1791446173,6335120,0,0.88,527803968,117055488,13336100864,432156672
1791446178,6318840,0,0.97,427527392,109309952,13336100864,463020032
1791446183,6512884,0,0.97,259038728,112447488,13336100864,481882112
1791446188,6569644,0,0.98,220259048,102404096,13336096768,462643200
1791446193,6612612,0,0.90,140677160,99708928,13336096768,340848640
1791446198,6522728,0,0.83,398235152,114049024,13336096768,362078208
1791446203,6255492,0,0.84,594993976,115388416,13336096768,432336896
1791446208,6234944,0,0.77,464643168,107409408,13336096768,482324480
1791446213,6550444,0,0.71,262322424,102912000,13336096768,500215808
1791446218,6597772,0,0.65,201395832,101974016,13336096768,464920576
1791446224,6602120,0,0.60,265668448,104034304,13336092672,326938624
1791446229,6371348,0,0.63,554239200,120184832,13336092672,389545984
1791446234,6147312,0,0.66,583015328,119234560,13336088576,468590592
1791446239,6229560,0,0.80,457959944,106164224,13336088576,482885632
1791446244,6448500,0,0.74,232267672,102522880,13336088576,521400320
1791446249,6507936,0,0.76,176080096,104144896,13336088576,429391872
1791446254,6448228,0,0.78,417230512,112357376,13336088576,417730560
1791446259,6274040,0,0.80,476498216,116736000,13336088576,482938880
1791446264,6407868,0,0.81,318528968,107565056,13336088576,501157888
1791446269,6582736,0,0.75,225077128,103006208,13336088576,498573312
1791446274,6605768,0,0.69,185536488,101650432,13336088576,391995392
1791446279,6625156,0,0.71,259971360,109219840,13336088576,313880576
1791446284,6340728,0,0.90,573929584,117321728,13336088576,393875456
1791446289,6143136,0,0.90,564512552,117624832,13336088576,463843328
1791446294,6250652,0,0.83,391940208,110321664,13336088576,484499456
1791446299,6546812,0,0.76,230353888,103014400,13336088576,494587904
1791446304,6577016,0,0.70,170240304,100667392,13336088576,411709440
1791446309,6486108,0,0.73,387086824,113618944,13336080384,315670528
1791446314,6261480,0,0.67,507003704,115990528,13336080384,464773120
1791446319,6465040,0,0.78,318906640,107847680,13336080384,484925440
1791446324,6619076,0,0.71,207036648,105140224,13336080384,493780992
1791446329,6617564,0,0.66,193988688,102961152,13336080384,396394496
1791446334,6680052,0,0.60,112083992,100761600,13336080384,313610240
1791446339,6448692,0,0.88,389515064,112381952,13336080384,396705792
1791446345,6264104,0,0.81,503315968,111579136,13327691776,463536128
1791446350,6446692,0,0.74,312483680,110538752,13327691776,494985216
1791446355,6536364,0,0.68,236204448,103890944,13327691776,519786496
1791446360,6583328,0,0.71,166560056,102195200,13327691776,389881856
1791446365,6590628,0,0.73,307054288,114348032,13327691776,349585408
1791446370,6319320,0,0.75,562113496,124121088,13327683584,420708352
1791446375,6155708,0,0.77,524586912,111394816,13327683584,474910720
1791446380,6473488,0,0.79,322703320,105160704,13327683584,504434688
1791446385,6594884,0,0.81,197835328,103194624,13327683584,491671552
1791446390,6606668,0,0.74,231641392,110952448,13327683584,357969920
1791446395,6380868,0,0.76,427782776,116895744,13327683584,450990080
1791446400,6176308,0,0.78,588149904,118329344,13327683584,450990080
1791446405,6157680,0,0.80,471321144,108552192,13327683584,483577856
1791446410,6546124,0,0.74,258004720,104230912,13327683584,501374976
1791446415,6585392,0,0.68,185220464,102203392,13327683584,450736128
1791446420,6592228,0,0.70,287864752,113999872,13327683584,328851456
1791446425,6350348,0,0.73,488771760,118820864,13327679488,444223488
1791446430,6350824,0,0.67,343203384,118947840,13327679488,484364288
1791446435,6564964,0,0.78,187321424,110612480,13327679488,498700288
1791446440,6570304,0,0.71,202699936,103804928,13327679488,436174848
1791446445,6624548,0,0.66,135016952,107298816,13327675392,323629056
1791446450,6456456,0,0.68,445674176,113172480,13327675392,402518016
1791446455,6255584,0,0.71,520658488,116391936,13327675392,464203776
1791446461,6303280,0,0.65,357185088,107991040,13327675392,485199872
1791446466,6530728,0,0.60,239664360,104583168,13327675392,516812800
1791446471,6605044,0,0.55,168653320,102666240,13327675392,408104960
1791446476,6542936,0,0.59,378259848,115142656,13327675392,352059392
1791446481,6309988,0,0.62,572097832,124325888,13327675392,421146624
1791446486,6168392,0,0.81,525567120,111169536,13327675392,472027136
1791446491,6471924,0,0.75,332076576,106369024,13327675392,505102336
1791446496,6542336,0,0.77,197153488,104173568,13327671296,491872256
1791446501,6599012,0,0.79,223178040,106373120,13327671296,359428096
1791446506,6420256,0,0.80,442994616,113864704,13327671296,434642944
1791446511,6356056,0,0.74,390637336,120082432,13327671296,484044800
1791446516,6490776,0,0.76,258317520,110002176,13327671296,484044800
1791446521,6590964,0,0.70,201235080,105766912,13327671296,468668416
1791446526,6622724,0,0.64,148274632,103833600,13327671296,328572928
1791446531,6519560,0,0.59,322878136,109813760,13327671296,328572928
1791446536,6365272,0,0.70,542857808,117100544,13327671296,450498560
1791446541,6310760,0,0.73,408629400,120504320,13327671296,483508224
1791446546,6525644,0,0.75,241771312,107905024,13327671296,502743040
1791446551,6566944,0,0.69,202900768,105365504,13327671296,460255232
1791446556,6612068,0,0.63,180780776,104640512,13327671296,328916992
1791446561,6395136,0,0.74,503679880,115687424,13327671296,403046400
1791446566,6200660,0,0.92,545129600,120168448,13327667200,465231872
1791446571,6313944,0,0.93,368011616,110661632,13327667200,486256640
1791446577,6553408,0,0.94,242097352,106622976,13327667200,496369664
1791446582,6586608,0,0.86,185174808,105050112,13327667200,404246528
1791446587,6554216,0,0.79,302552176,107761664,13327667200,317251584
1791446592,6298596,0,0.81,593496352,126988288,13327667200,398364672
1791446597,6094720,0,0.83,568825056,121585664,13327667200,465543168
1791446602,6324256,0,0.76,362193736,112947200,13327667200,486313984
1791446607,6547692,0,0.70,231768296,106004480,13327667200,494178304
1791446612,6563548,0,0.72,174698544,104214528,13327663104,397762560
1791446617,6494068,0,0.82,392871920,118521856,13327659008,315367424
1791446622,6329284,0,0.84,450915568,124497920,13327659008,464445440
1791446627,6383576,0,0.85,307104248,119910400,13327659008,486031360
1791446632,6508536,0,0.78,243596096,108089344,13327659008,517791744
1791446637,6625972,0,0.72,173373808,106459136,13327659008,411041792
1791446642,6585888,0,0.66,241347656,114413568,13327659008,371724288
1791446647,6369616,0,0.69,521848560,122773504,13327659008,440266752
1791446652,6302472,0,0.63,428937808,122945536,13327659008,483954688
1791446657,6373472,0,0.58,254055304,113500160,13327659008,503115776
1791446662,6557444,0,0.62,203162640,106708992,13327659008,468250624
1791446667,6591656,0,0.57,157669664,105619456,13327659008,356003840
1791446672,6605220,0,0.52,310352232,117358592,13327654912,333287424
1791446677,6292952,0,0.56,601371488,119488512,13327650816,418459648
1791446682,6152300,0,0.76,510283912,121749504,13327650816,483893248
1791446687,6334680,0,0.78,335549336,115220480,13327650816,501301248
1791446693,6525764,0,0.71,220462944,106409984,13327650816,493072384
1791446698,6533148,0,0.66,167809528,104579072,13327650816,391335936
1791446703,6417776,0,0.68,329727128,114364416,13327650816,396177408
1791446708,6290944,0,0.71,453143120,121864192,13327650816,464273408
1791446713,6455728,0,0.81,278113600,118185984,13327650816,484564992
1791446718,6575260,0,0.75,225690848,108228608,13327650816,515514368
1791446723,6595568,0,0.69,187470696,107130880,13327650816,388169728
1791446728,6592188,0,0.71,275080992,110104576,13327646720,364908544
1791446733,6359924,0,0.82,559440056,122691584,13327646720,449454080
1791446738,6312356,0,0.91,436893920,123076608,13327646720,484986880
1791446743,6458280,0,1.16,282792432,108351488,13327646720,503652352
1791446748,6570828,0,1.15,202612264,107347968,13327646720,473362432
1791446753,6654388,0,1.05,135907144,108535808,13327646720,347025408
1791446758,6464260,0,1.29,441129256,118452224,13327646720,392130560
1791446763,6219568,0,1.27,529868088,121503744,13327646720,465076224
1791446768,6274092,0,1.17,386937168,118800384,13327646720,483708928
1791446773,6487032,0,1.07,267612120,109015040,13327646720,503394304
1791446778,6517284,0,0.99,204195376,107094016,13327642624,432041984
1791446783,6558116,0,0.91,309131816,111030272,13327642624,335814656
1791446788,6283300,0,0.91,564100352,120954880,13327642624,408793088
1791446793,6042960,0,0.84,534742064,117948416,13327642624,467501056
1791446799,6228756,0,1.01,433147048,109654016,13327642624,506576896
1791446804,6412540,0,0.93,221285392,107978752,13327634432,533229568
1791446809,6537228,0,1.02,233651112,117440512,13327634432,409755648
1791446814,6378516,0,1.02,466903880,126357504,13327634432,428654592
1791446819,6348824,0,1.02,414154072,124063744,13327634432,485658624
1791446824,6469004,0,1.01,236687648,114167808,13327634432,504561664
1791446829,6568244,0,0.93,213196320,108679168,13327634432,464302080
1791446834,6597448,0,1.01,165713096,107241472,13327634432,351096832
1791446839,6584436,0,1.17,299907352,122077184,13327634432,353927168
1791446844,6309948,0,1.16,574329448,121339904,13327634432,436961280
1791446849,6267988,0,1.14,446631040,124256256,13327634432,485806080
1791446854,6406404,0,1.05,231829648,116846592,13327634432,505192448
1791446859,6550480,0,0.97,202689992,108462080,13327630336,471928832
1791446864,6547196,0,0.89,149509856,106979328,13327630336,344535040
1791446869,6473732,0,0.90,434330856,120860672,13327630336,354291712
1791446874,6215228,0,0.91,600401240,122458112,13327630336,438607872
1791446879,6233056,0,0.83,483641608,114348032,13327630336,485646336
1791446884,6488228,0,0.77,268960568,112267264,13327630336,503447552
1791446889,6599760,0,0.71,197993104,109064192,13327630336,471871488
1791446894,6604020,0,0.73,219679552,109596672,13327630336,341843968
1791446899,6412444,0,0.67,403496648,125751296,13327630336,438190080
1791446904,6264208,0,0.70,416142096,120557568,13327626240,438190080
1791446909,6169296,0,0.64,445071280,112291840,13327626240,485302272
1791446914,6518540,0,0.59,287595136,110755840,13327622144,502599680
1791446920,6569448,0,0.54,204949824,108802048,13327622144,462565376
1791446925,6547688,0,0.66,330851088,111464448,13327622144,340451328
1791446930,6358512,0,0.77,500295928,128888832,13327622144,450306048
1791446935,6360428,0,0.95,383006088,121438208,13327622144,485048320
1791446940,6554016,0,1.11,241437048,110804992,13327622144,503648256
1791446945,6581100,0,1.34,212213856,109604864,13327622144,454152192
1791446950,6651128,0,1.23,120852552,106897408,13327622144,330477568
1791446955,6459056,0,1.30,388761704,116875264,13327622144,405463040
1791446960,6265268,0,1.35,483693384,127234048,13327622144,468377600
1791446965,6400884,0,1.40,280844800,118341632,13327622144,486100992
1791446970,6529084,0,1.37,245610488,110551040,13327622144,518225920
1791446975,6558112,0,1.26,215613872,108662784,13327622144,389300224
1791446980,6662464,0,1.16,199507416,114651136,13327618048,330256384
1791446985,6424076,0,1.15,499762648,118689792,13327618048,411258880
1791446990,6244680,0,1.06,524196264,120090624,13327618048,465940480
1791446995,6350860,0,0.97,364453280,112431104,13327618048,486608896
1791447000,6514084,0,0.97,262454016,110080000,13327618048,494923776
1791447005,6558692,0,0.89,185112512,108584960,13327618048,411394048
1791447010,6580884,0,0.98,262799944,113913856,13327618048,332165120
1791447015,6358076,0,0.98,544790744,129757184,13327618048,392065024
1791447020,6177644,0,0.91,522499704,124383232,13327613952,467021824
1791447025,6329580,0,0.91,367177656,116457472,13327613952,466808832
1791447030,6554536,0,0.92,291292968,110985216,13327613952,475246592
1791447036,6537440,0,0.85,216939264,108306432,13327613952,419745792
1791447041,6520528,0,0.94,354838568,120442880,13327613952,337915904
1791447046,6334928,0,0.94,514596312,122335232,13327613952,475275264
1791447051,6426116,0,0.87,347289352,124710912,13327613952,487452672
1791447056,6610256,0,0.80,185322632,117796864,13327613952,498339840
1791447061,6623040,0,0.73,197891720,109457408,13327613952,426921984
1791447066,6663200,0,0.68,127263216,107753472,13327613952,319623168
1791447071,6540708,0,0.78,336688640,118292480,13327613952,388210688
1791447076,6273692,0,1.60,483692000,123318272,13327613952,467992576
1791447081,6373728,0,1.47,353211376,116908032,13327613952,484704256
1791447086,6494100,0,1.51,263738600,115150848,13327613952,505192448
1791447091,6523080,0,1.39,216265432,109162496,13327613952,430710784
1791447096,6636992,0,1.28,139792816,112992256,13327609856,342822912
1791447101,6457164,0,1.34,455775416,118513664,13327605760,404004864
1791447106,6220328,0,1.23,551672408,121319424,13327605760,465653760
1791447111,6229676,0,1.21,430961096,119463936,13327605760,487165952
1791447116,6443472,0,1.12,252202024,110108672,13327605760,523620352
1791447121,6517852,0,1.03,187240432,107753472,13327605760,432955392
1791447126,6524220,0,1.02,376617688,115503104,13327605760,333176832
1791447131,6322536,0,1.10,456085368,127328256,13327605760,466898944
1791447136,6398920,0,1.09,355746256,113983488,13327605760,466898944
1791447141,6293760,0,1.09,349863904,111280128,13327605760,500035584
1791447146,6496264,0,1.00,213195792,108896256,13327605760,526184448
1791447152,6502884,0,0.92,301084136,115630080,13327605760,390397952
1791447157,6383200,0,0.93,507042600,121257984,13327601664,440000512
1791447162,6336492,0,0.93,412058320,124801024,13327601664,486920192
1791447167,6487668,0,0.94,239536120,114999296,13327601664,505389056
1791447172,6509628,0,0.86,220515728,110252032,13327601664,462327808
1791447177,6623884,0,0.79,161686504,107696128,13327601664,352313344
1791447182,6587904,0,0.81,338995832,114245632,13327601664,357703680
1791447187,6338740,0,0.91,547702712,129191936,13327601664,435945472
1791447192,6249300,0,0.99,480569088,113831936,13327601664,486744064
1791447197,6485120,0,0.99,310724536,111214592,13327601664,506236928
1791447202,6606404,0,0.91,204514400,108593152,13327601664,472625152
1791447207,6653252,0,0.84,207402288,112377856,13327601664,352051200
1791447212,6408348,0,0.85,516042928,119492608,13327601664,395018240
1791447217,6185700,0,0.79,566892440,124022784,13327601664,470646784
1791447222,6237860,0,0.72,419465152,113917952,13327597568,487415808
1791447227,6549768,0,0.66,249798280,109547520,13327597568,500350976
1791447232,6571416,0,0.61,178424592,108068864,13327597568,427442176
1791447237,6534988,0,0.56,334571352,115187712,13327593472,322600960
1791447242,6333284,0,0.60,462299832,123441152,13327593472,469819392
1791447247,6427172,0,0.55,322880392,119480320,13327593472,486785024
1791447252,6508300,0,0.50,239457272,111796224,13327593472,528412672
1791447257,6540116,0,0.46,197720200,109912064,13327593472,430821376
1791447262,6543020,0,0.43,206591112,114237440,13327593472,359862272
1791447268,6368432,0,0.63,484697400,120938496,13327593472,433262592
1791447273,6200948,0,0.66,498157128,123609088,13327593472,486998016
1791447278,6377752,0,0.77,332400368,114520064,13327593472,505667584
1791447283,6572552,0,0.71,235038912,110272512,13327593472,505282560
1791447288,6587556,0,0.65,192034280,108556288,13327593472,394387456
1791447293,6605436,0,0.60,258920608,114053120,13327589376,318726144
1791447298,6312344,0,0.63,574941760,121696256,13327581184,399228928
1791447303,6091976,0,0.66,610302200,118210560,13327581184,469770240
1791447308,6237016,0,1.25,415510776,116662272,13327581184,508661760
1791447313,6463452,0,1.39,217554464,109445120,13327581184,535080960
1791447318,6542952,0,1.28,167655632,114753536,13327577088,409632768
1791447323,6362932,0,1.34,403108224,123072512,13327572992,427982848
1791447328,6361000,0,1.31,403447360,123662336,13327572992,487399424
1791447333,6303264,0,1.28,322225448,114790400,13327572992,487399424
1791447338,6598112,0,1.18,204962520,110157824,13327572992,478875648
1791447343,6621056,0,1.09,159629720,108527616,13327572992,352722944
1791447348,6564584,0,1.00,305233064,116224000,13327572992,352722944
1791447353,6386640,0,1.00,514088912,122785792,13327568896,438935552
1791447358,6318652,0,1.00,419062216,124559360,13327568896,488370176
1791447363,6450128,0,0.92,248782344,115019776,13327568896,506605568
1791447368,6535720,0,0.93,211342768,109617152,13327564800,474234880
1791447373,6590616,0,1.01,139788648,107601920,13327564800,355139584
1791447379,6494140,0,1.01,416175112,120012800,13327564800,396066816
1791447384,6217408,0,1.01,556862936,122228736,13327564800,470536192
1791447389,6320700,0,0.93,418446224,115245056,13327564800,488157184
1791447394,6519664,0,0.85,254731072,110313472,13327560704,502423552
1791447399,6565576,0,0.79,200535672,108974080,13327560704,433143808
1791447404,6518712,0,0.80,379080704,114126848,13327560704,327675904
1791447409,6261380,0,0.82,498397320,122200064,13327560704,476631040
1791447414,6322196,0,0.75,314068984,118964224,13327556608,509333504
1791447419,6567912,0,0.69,207509032,109895680,13327556608,536010752
1791447424,6603964,0,0.72,147435144,108036096,13327556608,404824064
1791447429,6592336,0,0.84,244470792,117018624,13327552512,352931840
1791447434,6367092,0,0.93,529537496,127688704,13327552512,429604864
1791447439,6316436,0,0.93,438396952,126373888,13327552512,488579072
1791447444,6453412,0,0.86,260963888,116490240,13327552512,507506688
1791447449,6557648,0,0.79,221019696,109346816,13327548416,471805952
1791447454,6611700,0,0.73,164881896,107618304,13327548416,361603072
1791447459,6536000,0,0.75,371951480,125313024,13327548416,358711296
1791447464,6244432,0,0.77,596275592,122503168,13327548416,437927936
1791447469,6215032,0,0.79,481242800,114245632,13327548416,488124416
1791447474,6462432,0,0.81,328971688,111218688,13327548416,506986496
1791447479,6552012,0,0.82,205736568,109416448,13327544320,474750976
1791447484,6612988,0,0.84,215943912,111878144,13327544320,356401152
1791447489,6371552,0,0.85,548724576,121982976,13327544320,376455168
1791447494,6183172,0,0.78,596011320,123420672,13327544320,451129344
1791447500,6186608,0,0.80,454399760,112390144,13327544320,489009152
1791447505,6541100,0,0.73,268516792,110428160,13327540224,507416576
1791447510,6540884,0,0.68,192858552,108216320,13327540224,456736768
1791447515,6422560,0,0.70,343005232,115884032,13327540224,333377536
1791447520,6282528,0,0.64,497479944,119300096,13327540224,469852160
1791447525,6460548,0,0.75,300823152,121782272,13327536128,490078208
1791447530,6534872,0,0.69,232715152,111312896,13327536128,519720960
1791447535,6567196,0,0.72,203281360,109768704,13327532032,407990272
1791447540,6578352,0,0.74,197959144,111759360,13327527936,329527296
1791447545,6402528,0,0.84,471547072,126861312,13327527936,410529792
1791447550,6281780,0,0.77,468578104,125218816,13327527936,468119552
1791447555,6396612,0,0.71,306914760,115609600,13327523840,486920192
1791447560,6568264,0,0.65,265026776,111366144,13327523840,487022592
1791447565,6524676,0,0.68,219843328,109080576,13327523840,402649088
1791447570,6610340,0,0.71,273262184,119914496,13327523840,339841024
1791447575,6329940,0,0.73,577108600,124469248,13327523840,417865728
1791447580,6159948,0,0.75,553252632,122871808,13327519744,469282816
1791447585,6319064,0,0.77,382354688,118341632,13327519744,491282432
1791447590,6524056,0,0.71,264738336,110448640,13327519744,500748288
1791447595,6589048,0,0.73,185480160,108748800,13327519744,414117888
1791447600,6549504,0,0.84,334830120,119762944,13327519744,334962688
1791447605,6287172,0,0.93,582566920,126263296,13327511552,403685376
1791447611,6083836,0,0.85,559207568,122073088,13327511552,471912448
1791447616,6361064,0,0.79,389246528,113328128,13327511552,489885696
1791447621,6516736,0,0.72,242105008,110817280,13327511552,518619136
1791447626,6537176,0,0.66,188521808,108539904,13327511552,395542528
1791447631,6454928,0,0.69,383557720,116457472,13327511552,409341952
1791447636,6259436,0,0.72,512865168,122535936,13327507456,470642688
1791447641,6319152,0,1.06,336772736,119562240,13327507456,510042112
1791447646,6497188,0,0.97,248656928,111128576,13327507456,525942784
1791447651,6564804,0,0.98,164503576,108699648,13327507456,410423296
1791447656,6575856,0,1.06,307460024,118050816,13327507456,353566720
1791447661,6341004,0,1.14,552598040,126664704,13327503360,420786176
1791447666,6221668,0,1.20,464786368,122212352,13327499264,471191552
1791447671,6456688,0,1.19,267627184,118562816,13327499264,494112768
1791447676,6548648,0,1.09,218699912,110505984,13327499264,476528640
1791447681,6549332,0,1.08,171182384,108580864,13327495168,354758656
1791447686,6463684,0,1.08,447426904,117723136,13327495168,363757568
1791447691,6182380,0,1.15,607287288,123105280,13327495168,449257472
1791447696,6165252,0,1.14,476971720,117026816,13327495168,489869312
1791447701,6535020,0,1.05,258114408,115171328,13327491072,508219392
1791447706,6591068,0,0.96,202974224,109854720,13327491072,473260032
1791447711,6602340,0,0.89,225827432,112599040,13327491072,337354752
1791447716,6347892,0,0.90,551050232,119709696,13327486976,374534144
1791447721,6162756,0,0.82,564523984,126087168,13327486976,454180864
1791447727,6089516,0,0.76,484281920,115585024,13327482880,490094592
1791447732,6477288,0,0.78,262655664,110985216,13327478784,509267968
1791447737,6530924,0,0.80,191006264,109920256,13327478784,465993728
1791447742,6478316,0,0.81,368261744,124899328,13327478784,334753792
1791447747,6285116,0,0.83,482392856,131473408,13327478784,472104960
1791447752,6312092,0,0.76,371817240,124252160,13327474688,489730048
1791447757,6517112,0,0.94,243400936,116215808,13327474688,510578688
1791447762,6540784,0,0.95,214209344,110628864,13327474688,448806912
1791447767,6652240,0,0.95,144827912,115961856,13327474688,335835136
1791447772,6462016,0,1.03,464321640,124678144,13327474688,411443200
1791447777,6274176,0,1.03,526730288,123568128,13327474688,470880256
1791447782,6300828,0,1.11,402258312,113815552,13327470592,490762240
1791447787,6546280,0,1.18,240746000,111644672,13327470592,519450624
1791447792,6534752,0,1.09,206632784,109883392,13327470592,426553344
1791447797,6554468,0,1.00,357258256,121573376,13327470592,329433088
1791447802,6301140,0,1.08,453023400,128024576,13327470592,409681920
1791447807,6106696,0,0.99,560019608,124862464,13327466496,470810624
1791447812,6346764,0,0.91,420307696,112889856,13327466496,492822528
1791447817,6510872,0,0.84,211826064,110886912,13327466496,520114176
1791447822,6552412,0,0.77,299002576,113160192,13327466496,390782976
1791447827,6391128,0,0.79,494700592,125562880,13327458304,448413696
1791447832,6343936,0,0.81,418130032,126775296,13327458304,490143744
1791447837,6473408,0,0.90,243565848,116805632,13327458304,507305984
1791447843,6568708,0,0.83,201360544,111411200,13327458304,469712896
1791447848,6589232,0,0.76,160094496,109551616,13327458304,357068800
1791447853,6486208,0,0.78,198649112,229847040,13314674688,395517952
1791447858,5227464,0,0.80,181605856,1438322688,13314674688,313233408
1791447863,6830804,0,0.82,65734928,42921984,13314674688,259985408
1791447868,6750888,0,0.75,119553832,43167744,13314674688,351690752
1791447873,6379476,0,0.69,207700744,193118208,13314670592,313135104
1791447878,6611628,0,0.64,241722432,83689472,13314670592,326905856
1791447883,5472644,0,0.98,231129304,1230417920,13314670592,352161792
1791447888,6721772,0,0.99,127765856,,13314662400,327966720
1791447893,6626400,0,0.99,117434224,,13314654208,380047360
1791447898,6024148,0,0.91,148312248,,13314654208,309235712
1791447903,6871260,0,0.84,64986656,,13314629632,266919936
